PRAGMA foreign_keys=OFF;
BEGIN TRANSACTION;
CREATE TABLE Fotos (IDFoto VARCHAR PRIMARY KEY NOT NULL, IDLugar INTEGER REFERENCES Lugares (IDLugar), Descripcion VARCHAR, Ruta STRING (0, 100));
INSERT INTO "Fotos" VALUES('10',2,'Columna estratigráfica','Media/2/01-2.jpg');
INSERT INTO "Fotos" VALUES('30',4,'Peridotita (roca verde, común en el manto de la Tierra), intruída o “cruzada” por un dique basáltico (roca gris, común en la superficie terrestre.)','Media/4/03-1a.jpg');
INSERT INTO "Fotos" VALUES('31',4,'Una peridotita vista bajo el microscopio polarizante','Media/4/03-1b.jpg');
INSERT INTO "Fotos" VALUES('40',5,'Rudista, organismo formador de las rocas sedimentarias de la Formación Santa Ana','Media/5/04-3.jpg');
INSERT INTO "Fotos" VALUES('50',5,'Foraminífero, microorganismo formador de la Formación Piedras Blancas','Media/5/05-3.jpg');
INSERT INTO "Fotos" VALUES('80',7,'Acumulación de sedimentos','Media/7/08-1.jpg');
INSERT INTO "Fotos" VALUES('160',15,'Radiolario, microorganismo formador del Complejo Acrecional de Santa Rosa','Media/15/16-2.jpg');
INSERT INTO "Fotos" VALUES('190',17,'Arco en roca','Media/17/19-1.jpg');
INSERT INTO "Fotos" VALUES('220',19,'Paleoduna','Media/19/22-1.jpg');
INSERT INTO "Fotos" VALUES('13',2,'La Formación Descartes','Media/2/01-1a.jpg');
INSERT INTO "Fotos" VALUES('14',2,'Inclinación típica de las rocas de la Formación Descartes','Media/2/01-1b.jpg');
INSERT INTO "Fotos" VALUES('15',2,'Vegetación sobre las rocas de la Formación Descartes','Media/2/01-1c.jpg');
INSERT INTO "Fotos" VALUES('16',2,'Rocas sedimentarias de la Formación Descartes','Media/2/01-1d.jpg');
INSERT INTO "Fotos" VALUES('17',2,'Vegetación sobre las rocas de la Formación Descartes','Media/2/01-1e.jpg');
INSERT INTO "Fotos" VALUES('18',2,'Capas de rocas','Media/2/01-1f.jpg');
INSERT INTO "Fotos" VALUES('20',3,'Mapa geológico de la península de Santa Elena. En color morado se aprecia la distribución de las peridotitas y rocas asociadas','Media/3/02-1.jpg');
INSERT INTO "Fotos" VALUES('51',5,'Estratos de la Formación Piedras Blancas','Media/5/05-1.jpg');
INSERT INTO "Fotos" VALUES('60',5,'Columna estratigráfica','Media/5/6-01.jpg');
INSERT INTO "Fotos" VALUES('70',6,'Intercalaciones de areniscas y lutitas típicas de la Formación Rivas, inclinadas hacia el Norte','Media/6/07-1.jpg');
INSERT INTO "Fotos" VALUES('81',7,'Columna estratigráfica','Media/7/08-2.jpg');
INSERT INTO "Fotos" VALUES('83',7,'Rocas sedimentarias dobladas','Media/7/08-3a.jpg');
INSERT INTO "Fotos" VALUES('84',7,'Pliegue sinsedimentario','Media/7/08-3b.jpg');
INSERT INTO "Fotos" VALUES('85',7,'Rocas sedimentarias dobladas','Media/7/08-3c.jpg');
INSERT INTO "Fotos" VALUES('90',8,'Pliegue sinsedimentario','Media/8/09-1.jpg');
INSERT INTO "Fotos" VALUES('100',9,'Estratos inclinados','Media/9/10-1.jpg');
INSERT INTO "Fotos" VALUES('110',10,'Formación Descartes, rocas inclinadas hacia el Norte','Media/10/11-1.jpg');
INSERT INTO "Fotos" VALUES('120',11,'Vista a los cerros de la península de Santa Elena','Media/11/12-2.jpg');
INSERT INTO "Fotos" VALUES('131',12,'Intrusiones de diabasas en peridotitas','Media/12/13-1a.jpg');
INSERT INTO "Fotos" VALUES('132',12,'Intrusiones de diabasas en peridotitas','Media/12/13-1b.jpg');
INSERT INTO "Fotos" VALUES('133',12,'Intrusiones de diabasas en peridotitas','Media/12/13-1c.jpg');
INSERT INTO "Fotos" VALUES('141',13,'Brechas por fricción entre las rocas','Media/13/14-1a.jpg');
INSERT INTO "Fotos" VALUES('142',13,'Brechas por fricción entre las rocas','Media/13/14-1b.jpg');
INSERT INTO "Fotos" VALUES('150',14,'Duna costera','Media/14/15-1.jpg');
INSERT INTO "Fotos" VALUES('161',15,'Complejo Acrecional de Santa Rosa','Media/15/16-1a.jpg');
INSERT INTO "Fotos" VALUES('162',15,'Complejo Acrecional de Santa Rosa','Media/15/16-1b.jpg');
INSERT INTO "Fotos" VALUES('170',16,'Tómbolo','Media/16/Tombolo.jpg');
INSERT INTO "Fotos" VALUES('201',18,'Basaltos en almohadilla','Media/18/20-1.jpg');
INSERT INTO "Fotos" VALUES('202',18,'Basaltos en almohadilla','Media/18/20-1a.jpg');
INSERT INTO "Fotos" VALUES('61',6,'Foto de una arenisca','Media/6/7-2.jpg');
INSERT INTO "Fotos" VALUES('62',6,'Foto de una lutita','Media/6/7-3.jpg');
INSERT INTO "Fotos" VALUES('21',3,'Vista a los cerros de la península de Santa Elena','Media/3/2-2.jpg');
INSERT INTO "Fotos" VALUES('23',3,'Vista a los cerros de la península de Santa Elena','Media/3/2-3.jpg');
INSERT INTO "Fotos" VALUES('71',6,'Estratos de la Formación Rivas','Media/6/7-4.jpg');
INSERT INTO "Fotos" VALUES('72',6,'Estratos de la Formación Rivas','Media/6/7-6.jpg');
INSERT INTO "Fotos" VALUES('73',6,'Estratos de la Formación Rivas','Media/6/7-5.jpg');
INSERT INTO "Fotos" VALUES('86',7,'Estratos de la Formación Descartes','Media/7/8-8.jpg');
INSERT INTO "Fotos" VALUES('87',7,'Estratos de la Formación Descartes','Media/7/8-7.jpg');
INSERT INTO "Fotos" VALUES('88',7,'Estratos de la Formación Descartes','Media/7/8-6.jpg');
INSERT INTO "Fotos" VALUES('89',7,'Relicto de erosión','Media/7/8-5.jpg');
INSERT INTO "Fotos" VALUES('91',8,'Estratos doblados de la Formación Descartes','Media/8/9-4.jpg');
INSERT INTO "Fotos" VALUES('92',8,'Estratos doblados de la Formación Descartes','Media/8/9-2.jpg');
INSERT INTO "Fotos" VALUES('93',8,'Estratos doblados de la Formación Descartes','Media/8/9-3.jpg');
INSERT INTO "Fotos" VALUES('101',9,'Estratos de la Formación Descartes','Media/9/10-20.jpg');
INSERT INTO "Fotos" VALUES('102',9,'Estratos de la Formación Descartes','Media/9/10-19.jpg');
INSERT INTO "Fotos" VALUES('103',9,'Estratos de la Formación Descartes','Media/9/10-18.jpg');
INSERT INTO "Fotos" VALUES('104',9,'Estratos de la Formación Descartes','Media/9/10-17.jpg');
INSERT INTO "Fotos" VALUES('105',9,'Estratos de la Formación Descartes','Media/9/10-16.jpg');
INSERT INTO "Fotos" VALUES('106',9,'Estratos de la Formación Descartes','Media/9/10-15.jpg');
INSERT INTO "Fotos" VALUES('107',9,'Estratos de la Formación Descartes','Media/9/10-14.jpg');
INSERT INTO "Fotos" VALUES('108',9,'Estratos de la Formación Descartes','Media/9/10-13.jpg');
INSERT INTO "Fotos" VALUES('109',9,'Estratos de la Formación Descartes','Media/9/10-12.jpg');
INSERT INTO "Fotos" VALUES('1000',9,'Estratos de la Formación Descartes','Media/9/10-11.jpg');
INSERT INTO "Fotos" VALUES('1001',9,'Estratos de la Formación Descartes','Media/9/10-10.jpg');
INSERT INTO "Fotos" VALUES('1002',9,'Estratos de la Formación Descartes','Media/9/10-9.jpg');
INSERT INTO "Fotos" VALUES('1003',9,'Estratos de la Formación Descartes','Media/9/10-8.jpg');
INSERT INTO "Fotos" VALUES('1004',9,'Estratos de la Formación Descartes','Media/9/10-7.jpg');
INSERT INTO "Fotos" VALUES('1005',9,'Estratos de la Formación Descartes','Media/9/10-6.jpg');
INSERT INTO "Fotos" VALUES('1006',9,'Estratos de la Formación Descartes','Media/9/10-5.jpg');
INSERT INTO "Fotos" VALUES('1007',9,'Estratos de la Formación Descartes','Media/9/10-4.jpg');
INSERT INTO "Fotos" VALUES('1009',9,'Punta Blanca','Media/9/10-3.jpg');
INSERT INTO "Fotos" VALUES('1010',9,'Relictos de erosión','Media/9/10-2.jpg');
INSERT INTO "Fotos" VALUES('111',10,'Contrabuzamiento','Media/10/11-13.jpg');
INSERT INTO "Fotos" VALUES('112',10,'Estratificación paralela','Media/10/11-14.jpg');
INSERT INTO "Fotos" VALUES('113',10,'Estratificación paralela','Media/10/11-12.jpg');
INSERT INTO "Fotos" VALUES('114',10,'Estratos de la Formación Descartes','Media/10/11-11.jpg');
INSERT INTO "Fotos" VALUES('115',10,'Estratos de la Formación Rivas','Media/10/11-10.jpg');
INSERT INTO "Fotos" VALUES('116',10,'Intercalaciones de areniscas y lutitas','Media/10/11-9.jpg');
INSERT INTO "Fotos" VALUES('117',10,'Intercalaciones de estratos sedimentarios','Media/10/11-8.jpg');
INSERT INTO "Fotos" VALUES('118',10,'Intercalaciones de estratos sedimentarios','Media/10/11-7.jpg');
INSERT INTO "Fotos" VALUES('119',10,'Intercalaciones de estratos sedimentarios','Media/10/11-5.jpg');
INSERT INTO "Fotos" VALUES('1101',10,'Intercalaciones de estratos sedimentarios','Media/10/11-6.jpg');
INSERT INTO "Fotos" VALUES('1102',10,'Intercalaciones de estratos sedimentarios','Media/10/11-3.jpg');
INSERT INTO "Fotos" VALUES('1103',10,'Relicto de erosión','Media/10/11-4.jpg');
INSERT INTO "Fotos" VALUES('1104',10,'Superficie irregular','Media/10/11-2.jpg');
INSERT INTO "Fotos" VALUES('204',18,'Basaltos de las islas Murciélago','Media/18/21-5.jpg');
INSERT INTO "Fotos" VALUES('205',18,'Bahía de la isla San José','Media/18/21-7.jpg');
INSERT INTO "Fotos" VALUES('206',18,'Duna costera','Media/18/21-4.jpg');
INSERT INTO "Fotos" VALUES('209',18,'Forma de “almohadilla”','Media/18/21-6.jpg');
INSERT INTO "Fotos" VALUES('221',19,'Paleoduna','Media/19/22-2.jpg');
INSERT INTO "Fotos" VALUES('222',19,'Paleoduna','Media/19/22-4.jpg');
INSERT INTO "Fotos" VALUES('223',19,'Paleoduna','Media/19/22-3.jpg');
INSERT INTO "Fotos" VALUES('68',5,'Estratos de la Formación Piedras Blancas','Media/5/05-2.jpg');
INSERT INTO "Fotos" VALUES('1011',9,'Punta blanca','Media/9/10-21.jpg');
INSERT INTO "Fotos" VALUES('1201',12,'Punta Santa Elena','Media/12/13-2.jpg');
INSERT INTO "Fotos" VALUES('1202',12,'Intrusiones de diabasas en peridotitas','Media/12/13-3.jpg');
INSERT INTO "Fotos" VALUES('1203',12,'Intrusiones de diabasas en peridotitas','Media/12/13-4.jpg');
INSERT INTO "Fotos" VALUES('1204',12,'Punta Santa Elena','Media/12/13-5.jpg');
INSERT INTO "Fotos" VALUES('1205',12,'Intrusiones de diabasas en peridotitas','Media/12/13-6.jpg');
INSERT INTO "Fotos" VALUES('1206',12,'Intrusiones de diabasas en peridotitas','Media/12/13-7.jpg');
INSERT INTO "Fotos" VALUES('1207',12,'Punta Santa Elena','Media/12/13-8.jpg');
INSERT INTO "Fotos" VALUES('1301',13,'Brechas por fricción entre las rocas','Media/13/14-1c.jpg');
INSERT INTO "Fotos" VALUES('194',17,'Arco en roca','Media/17/19-2.jpg');
INSERT INTO "Fotos" VALUES('195',17,'Arco en roca','Media/17/19-3.jpg');
CREATE TABLE DatosCargados (Condicion INTEGER PRIMARY KEY, Estado BOOLEAN);
INSERT INTO "DatosCargados" VALUES(1,0);
INSERT INTO "DatosCargados" VALUES(2,0);
CREATE TABLE Lugares (IDLugar INTEGER PRIMARY KEY NOT NULL, Titulo VARCHAR, Descripcion VARCHAR, Video VARCHAR, Audio STRING (0, 100), TextoAudio STRING, Visitado BOOLEAN);
INSERT INTO "Lugares" VALUES(1,'Punto inicial',NULL,NULL,NULL,0);
INSERT INTO "Lugares" VALUES(2,'La Formación Descartes',NULL,'Media/2/se1.mp3','La Formación Descartes se compone de rocas sedimentarias con edad variable entre 60 y 40 millones de años. Estas rocas sedimentarias son producto de la acumulación de rocas residuales o sedimentos y su posterior endurecimiento. Estas rocas se generaron en el fondo marino y por esfuerzos tectónicos se ubican en la posición actual.',0);
INSERT INTO "Lugares" VALUES(3,'La vegetación en la península de Santa Elena','Media/3/2-2.mp4','Media/3/se2.mp3','La vegetación varía según el tipo de roca, las rocas de la península de Santa Elena en su mayoría provienen del manto de la Tierra, a más de 40 km de profundidad; a consecuencia de esto en la península la vegetación es más pequeña en comparación a otros sitios. 

Estas variantes en la vegetación son producto de variaciones químicas como los altos contenidos de magnesio.
',0);
INSERT INTO "Lugares" VALUES(4,'Las peridotitas',NULL,'Media/4/se3.mp3','Los geólogos clasifican las rocas por su composición, según la composición de cada roca se sabe si fueron formadas en el manto o la corteza terrestre. Las rocas del manto son difíciles de observar en superficie y se presentan por anomalías. Un ejemplo de estas rocas son las peridotitas, las cuales son predominantes en la península de Santa Elena.',0);
INSERT INTO "Lugares" VALUES(5,'Rocas sedimentarias de bahía Santa Elena','','Media/5/se4,5,6.mp3','La Formación Santa Ana se compone de rocas sedimentarias e ígneas, con una edad de alrededor de 75 millones de años. Las rocas sedimentarias son rocas formadas por acumulación de sedimentos y precipitación química y bioquímica, mientras que, las rocas ígneas de esta unidad geológica son rocas formadas por el enfriamiento de lava. La lava es el material rocoso fundido expulsado por los volcanes.

La Formación Piedras Blancas, se conforma de rocas sedimentarias ordenadas en estratos, un estrato es cada una de las capas en que se presentan divididos los sedimentos. Su origen está dado por la acumulación de microorganismos, depositados del Campaniano al Maastrichtiano, aproximadamente entre 80 y 65 millones de años. 

La Formación Rivas es compone de rocas sedimentarias, ubicadas sobre la Formación Piedras Blancas, su edad varía de finales del Cretácico hasta el Paleoceno, aproximadamente de 67 a 62 millones de años.',0);
INSERT INTO "Lugares" VALUES(6,'Rocas sedimentarias de la Formación Rivas',NULL,'Media/6/se7.mp3','Las rocas de la Formación Rivas se componen de areniscas, con algunas intercalaciones de lutitas, las mismas se encuentran inclinadas hacia el Norte. Las areniscas son rocas sedimentarias conformadas por acumulación de sedimentos de tamaño variable entre 0,06 y 2 mm, mientras que las lutitas son de tamaño menor a 0,06 mm.',0);
INSERT INTO "Lugares" VALUES(7,'De vuelta en la Formación Descartes',NULL,'Media/7/se8.mp3','La Formación Descartes es una secuencia de rocas sedimentarias, de edad variable entre el Paleoceno y el Eoceno, aproximadamente entre 40 y 60 millones de años. Cuando estas rocas están todavía blandas, pueden formarse deslizamientos submarinos y pueden llegar a doblarse, cuando esto pasa son llamadas por los geólogos pliegues sinsedimentarios. ',0);
INSERT INTO "Lugares" VALUES(8,'Pliegues sinsedimentarios',NULL,'Media/8/se9.mp3','Los pliegues sinsedimentarios son producto de deslizamientos en sustratos suaves. Una evidencia de estos deslizamientos es la no deformación que se puede ver en las rocas ubicadas arriba y debajo de los estratos doblados.',0);
INSERT INTO "Lugares" VALUES(9,'Maravillas de la naturaleza',NULL,'Media/9/se10.mp3','Al disponerse la Formación Descartes como capas de roca y estar expuesta al oleaje, se esculpen hermosas formas, en este caso asemejando un tobogán.',0);
INSERT INTO "Lugares" VALUES(10,'Otra vista de la Formación Descartes','Media/10/10.mp4','Media/10/se11.mp3','El contrabuzamiento es la dirección opuesta al buzamiento y su principal característica es que en esta vista los estratos se observan horizontales.',0);
INSERT INTO "Lugares" VALUES(11,'La erosión y meteorización en la península de Santa Elena',NULL,'Media/11/se12.mp3','Dentro de la península de Santa Elena, se hayan depresiones formadas por erosión, la erosión es el proceso de desgaste, que da paso al transporte de los fragmentos de roca una vez se encuentren afectadas por procesos físicos o químicos llamados: meteorización.',0);
INSERT INTO "Lugares" VALUES(12,'Las peridotitas y sus intrusiones',NULL,'Media/12/se13.mp3','Las peridotitas o rocas del manto de la Tierra fueron intruídas o cruzadas por otras rocas llamadas diabasas. Sitios como este tienen gran relevancia dentro de la historia de la península de Santa Elena, debido a que son testigos de fenómenos de actividad volcánica de hace 130 a 120 millones de años.',0);
INSERT INTO "Lugares" VALUES(13,'Más acerca de las peridotitas',NULL,'Media/13/se14.mp3','Bajo las peridotitas se encuentran rocas sedimentarias llamadas brechas. Estas brechas son rocas constituidas por fragmentos angulosos de otras rocas flotando en una pasta de fragmentos de roca triturados. Estas son producto del desgaste por la fricción entre dos rocas diferentes, provocada por esfuerzos tectónicos, cuando una masa de roca se desplaza sobre otra.',0);
INSERT INTO "Lugares" VALUES(14,'Las dunas costeras',NULL,'Media/14/se15.mp3','La presencia de dunas costeras activas en las playas de la península de Santa Elena, son producto de la depositación y transporte de arenas por fuertes vientos que permiten su acumulación en la orilla de los acantilados.',0);
INSERT INTO "Lugares" VALUES(15,'El Complejo Acrecional de Santa Rosa',NULL,'Media/15/se16.mp3','El Complejo Acrecional de Santa Rosa es un conjunto de rocas de edad Cretácico Inferior, alrededor de 120 a 90 millones de años. Algunas de estas rocas son llamadas pelagitas. Las pelagitas son rocas formadas por acumulación de microorganismos, en el transcurso del tiempo y tienen un característico color rojo.',0);
INSERT INTO "Lugares" VALUES(16,'La isla Colorada y el tómbolo escondido',NULL,'Media/16/se17.mp3','La cercanía de la isla Colorada a la costa y la dinámica de las corrientes marinas, permitirán con el transcurso de miles de años la unión de la isla con tierra firme, por medio del transporte de sedimentos que hacen estas corrientes. Esta unión es llamada: tómbolo.',0);
INSERT INTO "Lugares" VALUES(17,'Arcos en Roca
',NULL,'Media/17/se19.mp3','Los arcos en roca son producto de zonas de debilidad en las rocas, siendo vulnerables a procesos de meteorización y erosión producto del oleaje y la gravedad. La meteorización es el proceso de desgaste físico-químico que sufren las rocas. Seguida a la meteorización se da la erosión, que es el transporte de los residuos de la meteorización. La etapa final es la destrucción total del arco por colapso del mismo.',0);
INSERT INTO "Lugares" VALUES(18,'Upwelling: Riquezas submarinas de la costa Pacífica Norte de Costa Rica',NULL,'Media/18/se21.mp3','Al frente de la costa Pacífica Norte de Costa Rica y a consecuencia de los vientos alisios provenientes del Caribe, se da el upwelling, caracterizado por el movimiento de agua cálida, por corrientes de aire, provocando el ascenso de aguas frías ricas en nutrientes. Teniendo como principal producto el desarrollo de vida marina.',0);
INSERT INTO "Lugares" VALUES(19,'Las paleodunas',NULL,'Media/19/se22.mp3','Son dunas fósiles formadas hace 17 000 a 16 000 años, después se transformaron en roca y actualmente están siendo erosionadas por oleaje y la acción de los vientos.',0);
CREATE TABLE AudiosAdicionales (IDAudio VARCHAR PRIMARY KEY, Ruta STRING (0, 100), Descripcion VARCHAR, Texto VARCHAR);
INSERT INTO "AudiosAdicionales" VALUES('1','Media/Extra/introduccionyseguridad.mp3','Audio introductorio','');
INSERT INTO "AudiosAdicionales" VALUES('2','Media/Extra/Arenisca.mp3','Arenisca','Roca sedimentaria, en la que el tamaño de grano varía entre 0,062 y 2 mm.');
INSERT INTO "AudiosAdicionales" VALUES('3','Media/Extra/Brecha.mp3','Brecha','Roca compuesta por elementos de diversos tamaños de forma angulosa, dispuestos irregularmente, contenidos en una pasta o matriz.');
INSERT INTO "AudiosAdicionales" VALUES('4','Media/Extra/Conglomerado.mp3','Conglomerado','Roca compuesta por elementos de diversos tamaños de forma redondeada, dispuestos irregularmente, contenidos en una pasta o matriz.');
INSERT INTO "AudiosAdicionales" VALUES('5','Media/Extra/Corales.mp3','Corales','Los corales son animales que generalmente forman colonias. Estas están conformadas por cientos de organismos llamados zooides.');
INSERT INTO "AudiosAdicionales" VALUES('6','Media/Extra/Erosion.mp3','Erosión','Fenómeno de descomposición y desintegración de rocas por acciones mecánicas.');
INSERT INTO "AudiosAdicionales" VALUES('7','Media/Extra/Estrato.mp3','Estrato','Es cada una de las capas en que se presentan divididos los sedimentos.');
INSERT INTO "AudiosAdicionales" VALUES('8','Media/Extra/Lutita.mp3','Lutita','Roca sedimentaria constituida por granos muy finos, de menos de 0,062 mm.');
INSERT INTO "AudiosAdicionales" VALUES('9','Media/Extra/Meteorizacion.mp3','Meteorización','Conjunto de procesos físicos, químicos y biológicos de alteración, que provocan la descomposición de una roca superficial.');
INSERT INTO "AudiosAdicionales" VALUES('10','Media/Extra/Sedimento.mp3','Sedimento','Partículas móviles depositadas por agua, viento y otros agentes de erosión.');
INSERT INTO "AudiosAdicionales" VALUES('11','Media/Extra/Zooide.mp3','Zooide','Individuo de una comunidad colonial que funciona como un organismo y cuya estructura difiere de la de otros individuos de su misma especie, según el papel fisiológico que desempeñe dentro del conjunto.');
CREATE TABLE Animaciones (IDAnimacion VARCHAR PRIMARY KEY, IDLugar INTEGER REFERENCES Lugares (IDLugar), Ruta STRING (0, 100), TextoAnimacion VARCHAR);
INSERT INTO "Animaciones" VALUES('20',2,'Media/2/01-3.gif','Proceso de formación de las rocas sedimentarias clásticas correspondientes a la Formación Descartes');
INSERT INTO "Animaciones" VALUES('50',5,'Media/5/4-4.gif','Arrecifes de rudistas');
INSERT INTO "Animaciones" VALUES('51',5,'Media/5/5-4.gif','Proceso de formación de la unidad Piedras Blancas');
INSERT INTO "Animaciones" VALUES('110',11,'Media/11/12-1.gif','La erosión');
INSERT INTO "Animaciones" VALUES('120',12,'Media/12/13-1.gif','Las intrusiones en las peridotitas');
INSERT INTO "Animaciones" VALUES('130',13,'Media/13/14-2.gif','Las brechas de fallas');
INSERT INTO "Animaciones" VALUES('131',13,'Media/18/21-3.gif','El upwelling');
INSERT INTO "Animaciones" VALUES('180',18,'Media/18/20-2.gif','¿Cómo se formaron los basaltos en almohadilla?');
COMMIT;
